/pinpai/10015799-aimashi-hermes.html,爱马仕Hermes
/pinpai/10049142-xiangnaier-chanel.html,香奈儿Chanel
/pinpai/10028067-jiaolan-guerlain.html,娇兰Guerlain
/pinpai/10080805-baogeli-bvlgari.html,宝格丽Bvlgari
/pinpai/10097559-zumalong-jo-malone.html,祖玛珑Jo Malone
/pinpai/10053206-tangmu-fute-tom-ford.html,汤姆·福特Tom Ford
/pinpai/10094414-amani-giorgio-armani.html,阿玛尼Giorgio Armani
/pinpai/10096010-diao-dior.html,迪奥Dior
/pinpai/10035498-annasu-anna-sui.html,安娜苏Anna Sui
/pinpai/10071561-laili-lalique.html,莱俪Lalique
/pinpai/10060930-babaoli-burberry.html,博柏利Burberry
/pinpai/10082468-fansizhe-versace.html,范思哲Versace
/pinpai/10071633-kouyi-chloe.html,蔻依Chloe
/pinpai/10030832-shengluolan-yves-saint-laurent.html,圣罗兰YSL Yves Saint Laurent
/pinpai/10019390-naqiansu-narciso-rodriguez.html,纳西索·罗德里格斯Narciso Rodriguez
/pinpai/10068142-gaotianxiansan-kenzo.html,凯卓Kenzo
/pinpai/10088585-guchi-gucci.html,古驰Gucci
/pinpai/10022588-sanzhaiyisheng-issey-miyake.html,三宅一生Issey Miyake
/pinpai/10063421-kaiwenkelai-calvin-klein.html,凯文克莱Calvin Klein
/pinpai/10065474-luoyiwei-loewe.html,罗意威Loewe
/pinpai/10089791-daweidufu-davidoff.html,大卫杜夫Davidoff
/pinpai/10074575-langfan-lanvin.html,浪凡Lanvin
/pinpai/10054065-yilishabaiyadun-elizabeth-arden.html,伊丽莎白雅顿Elizabeth Arden
/pinpai/10055276-make-yakebu-marc-jacobs.html,莫杰Marc Jacobs
/pinpai/10045282-juzi-juicy-couture.html,橘滋Juicy Couture
/pinpai/10050258-lankou-lancome.html,兰蔻Lancome
/pinpai/10092934-miu-miu.html,缪缪Miu Miu
/pinpai/10051138-fankeyabao-van-cleef-arpels.html,梵克雅宝Van Cleef & Arpels
/pinpai/10086018-jifanxi-givenchy.html,纪梵希Givenchy
/pinpai/10053698-baoluoshimisi-paul-smith.html,保罗史密斯Paul Smith
/pinpai/10047189-wanbaolong-mont-blanc.html,万宝龙Montblanc
/pinpai/10044188-binli-bentley.html,宾利Bentley
/pinpai/10059668-yashilandai-estee-lauder.html,雅诗兰黛Estée Lauder
/pinpai/10036747-baotijia-bottega-veneta.html,葆蝶家Bottega Veneta
/pinpai/10079793-pulada-prada.html,普拉达Prada
/pinpai/10053438-diaili-mule-thierry-mugler.html,穆勒Mugler
/pinpai/10019984-jiefuli-bini-geoffrey-beene.html,杰弗里·比尼Geoffrey Beene
/pinpai/10056764-kalang-caron.html,卡朗Caron
/pinpai/10054486-yuehan-waweituosi-john-varvatos.html,约翰·瓦维托斯John Varvatos
/pinpai/10031119-luyiweideng-louis-vuitton.html,路易威登Louis Vuitton
/pinpai/10021965-gaotiye-jean-paul-gaultier.html,高缇耶Jean Paul Gaultier
/pinpai/10087004-feilagemu-salvatore-ferragamo.html,菲拉格慕Salvatore Ferragamo
/pinpai/10037412-taosixiong-tous.html,桃丝熊Tous
/pinpai/10031165-chuanjiubaoling-comme-des-garcons.html,川久保玲Comme des Garcons
/pinpai/10011766-xisili-sisley.html,希思黎Sisley
/pinpai/10024303-kadiya-cartier.html,卡地亚Cartier
/pinpai/10068087-jieniya-ermenegildo-zegna.html,杰尼亚Ermenegildo Zegna
/pinpai/10021350-difuni-tiffany.html,蒂芙尼Tiffany
/pinpai/10017540-xiaobang-chopard.html,萧邦Chopard
/pinpai/10088596-laerfu-laolun-ralph-lauren.html,拉夫劳伦Ralph Lauren
/pinpai/10013237-chusadi-trussardi.html,杜鲁萨迪Trussardi
/pinpai/10064730-hualuntiannu-valentino.html,华伦天奴Valentino
/pinpai/10058486-shanbenyaosi-yohji-yamamoto.html,山本耀司Yohji Yamamoto
/pinpai/10077749-silin-celine.html,思琳Celine
/pinpai/10051484-maison-martin-margiela-mmm.html,梅森·马吉拉Maison Margiela
/pinpai/10078422-ludanshi-serge-lutens.html,芦丹氏Serge Lutens
/pinpai/10092894-ditike-diptyque.html,蒂普提克Diptyque
/pinpai/10074676-panhailigen-penhaligon-s.html,潘海利根Penhaligon's
/pinpai/10085286-adixian-l-artisan-parfumeur.html,阿蒂仙之香L'Artisan Parfumeur
/pinpai/10091761-oulong-atelier-cologne.html,欧珑Atelier Cologne
/pinpai/10084750-bailiduo-byredo.html,柏芮朵Byredo
/pinpai/10051198-paermazhishui-acqua-di-parma.html,帕尔玛之水Acqua di Parma
/pinpai/10099883-deruike-maer-frederic-malle.html,馥马尔香水出版社Frederic Malle
/pinpai/10073667-xinyang-creed.html,恺芮得Creed
/pinpai/10060797-jiefangjujun-etat-libre-d-orange.html,解放橘郡Etat Libre d'Orange
/pinpai/10073638-matiere-premiere.html,马蒂埃Matiere Premiere
/pinpai/10090657-lelabo-le-labo.html,香水实验室Le Labo
/pinpai/10098636-peiqiangzhuliye-juliette-has-a-gun.html,佩枪朱丽叶Juliette Has A Gun
/pinpai/10056110-annick-goutal.html,古特尔Goutal
/pinpai/10020871-aimu-amouage.html,爱慕Amouage
/pinpai/10033391-aikekapa-acca-kappa.html,艾克卡帕Acca Kappa
/pinpai/10032862-kelian-by-kilian.html,凯利安Kilian
/pinpai/10063008-jiejing-clean.html,克霖Clean
/pinpai/10018780-nasimatu-nasomatto.html,纳斯马图Nasomatto
/pinpai/10096426-nigulaizhixiang-parfums-de-nicolai.html,尼柯徕（尼古莱）Nicolai
/pinpai/10089834-zhanmusi-haili-james-heeley.html,詹姆斯·海利James Heeley
/pinpai/10086630-fulapan-frapin.html,弗拉潘Frapin
/pinpai/10053934-maison-francis-kurkdjian.html,梵诗柯香Maison Francis Kurkdjian
/pinpai/10052438-diguozhixiang-parfum-d-empire.html,帝国之香Parfum d'Empire
/pinpai/10065833-zuxiqingren-jo-loves.html,祖氏挚爱Jo Loves
/pinpai/10058801-malizhixiang-parfums-de-marly.html,瑪麗之香Parfums de Marly
/pinpai/10095441-mima-memo.html,玫默Memo
/pinpai/10035846-mile-haruisi-miller-harris.html,米勒·海莉诗Miller Harris
/pinpai/10079415-mendituoluosa-mendittorosa.html,门蒂托洛萨Mendittorosa
/pinpai/10097503-casamorati.html,卡萨莫拉蒂Casamorati Dal1888
/pinpai/10025523-yetaichuangxiang-les-liquides-imaginaires.html,液态创想Liquides Imaginaires
/pinpai/10030299-shabang-chabaud-maison-de-parfum.html,莎邦Chabaud Maison de Parfum
/pinpai/10022272-bieyanggongsi-the-different-company.html,非凡制造The Different Company
/pinpai/10011711-officina-profumo-farmaceutica-di-santa-maria-novella.html,圣塔玛利亚诺维拉Santa Maria Novella
/pinpai/10034489-xijuefu-xerjoff.html,希爵夫Xerjoff
/pinpai/10066333-mdcizhixiang-mdci-parfums.html,MDCI之香MDCI Parfums
/pinpai/10045738-taoerzhixiang-tauer-perfumes.html,陶尔之香Tauer Perfumes
/pinpai/10053029-hudiegongjiang-papillon-artisan-perfumes.html,蝴蝶工匠Papillon Artisan Perfumes
/pinpai/10016773-xiangshuigushi-histoires-de-parfums.html,香水故事Histoires de Parfums
/pinpai/10028522-monotheme-fine-fragrances-venezia.html,茉若森（威尼斯精品香氛）Monotheme
/pinpai/10014204-lubin.html,鲁宾Lubin
/pinpai/10012817-kapulidao-carthusia.html,卡普里岛Carthusia
/pinpai/10070732-mile-botaosi-miller-et-bertaux.html,米勒博涛斯Miller et Bertaux
/pinpai/10082601-mengtalai-montale.html,蒙塔莱Montale
/pinpai/10095919-jiekuisi-feisi-jacques-fath.html,杰奎斯·菲斯Jacques Fath
/pinpai/10093065-cb-i-hate-perfume.html,CB我讨厌香水CB I Hate Perfume
/pinpai/10020478-mianju-masque.html,面具Masque Milano
/pinpai/10080513-luogelang-oriza-l-legrand.html,罗格朗Oriza L. Legrand
/pinpai/10013564-weilaoruixi-lorenzo-villoresi.html,威劳瑞希Lorenzo Villoresi
/pinpai/10068196-luojiadefen-roja-dove.html,罗嘉德芬Roja Dove
/pinpai/10089999-the-spirit-of-dubai.html,迪拜精神The Spirit of Dubai
/pinpai/10053174-henry-jacques.html,雅克·亨利Henry Jacques
/pinpai/10059870-dumuzhixiang-fragrance-du-bois.html,杜木之香Fragrance du Bois
/pinpai/10058578-luomazhixiang-profumum-roma.html,罗马之香Profumum Roma
/pinpai/10017096-olfactive-studio.html,嗅觉映像室Olfactive Studio
/pinpai/10081705-shayi-lanselundun-shay-blue-london.html,沙伊蓝Shay & Blue London
/pinpai/10079795-dongwuxuejia-zoologist-perfumes.html,动物学家Zoologist Perfumes
/pinpai/10027504-lydeen.html,徕汀Lydeen
/pinpai/10030460-parfums-dusita.html,达西塔香氛Parfums Dusita
/pinpai/10027795-atejinsen-atkinsons.html,阿特金森Atkinsons
